region,month,activation_month,treated_post,completion_rate,sessions
Riyadh,1,10,0,0.4822,9148
Riyadh,2,10,0,0.4641,11470
Riyadh,3,10,0,0.4766,12587
Riyadh,4,10,0,0.4826,16317
Riyadh,5,10,0,0.4825,28547
Riyadh,6,10,0,0.48,20903
Riyadh,7,10,0,0.4801,27239
Riyadh,8,10,0,0.4638,26422
Riyadh,9,10,0,0.4914,4969
Riyadh,10,10,1,0.5317,9854
Riyadh,11,10,1,0.5288,28333
Riyadh,12,10,1,0.5322,18789
Riyadh,13,10,1,0.5441,15264
Riyadh,14,10,1,0.5659,25487
Riyadh,15,10,1,0.5583,21374
Riyadh,16,10,1,0.5865,13829
Riyadh,17,10,1,0.5587,20801
Riyadh,18,10,1,0.5748,21331
Riyadh,19,10,1,0.5887,6017
Riyadh,20,10,1,0.5847,27777
Riyadh,21,10,1,0.5701,19196
Riyadh,22,10,1,0.5853,24072
Riyadh,23,10,1,0.5616,27579
Riyadh,24,10,1,0.5922,10288
Makkah,1,10,0,0.4223,20064
Makkah,2,10,0,0.446,19335
Makkah,3,10,0,0.4505,10482
Makkah,4,10,0,0.4567,27407
Makkah,5,10,0,0.4418,7703
Makkah,6,10,0,0.4405,24854
Makkah,7,10,0,0.4503,8091
Makkah,8,10,0,0.4469,14013
Makkah,9,10,0,0.4344,15610
Makkah,10,10,1,0.5103,21918
Makkah,11,10,1,0.4906,12477
Makkah,12,10,1,0.5182,14914
Makkah,13,10,1,0.4994,18428
Makkah,14,10,1,0.5073,10448
Makkah,15,10,1,0.5216,15627
Makkah,16,10,1,0.5269,23507
Makkah,17,10,1,0.5497,15097
Makkah,18,10,1,0.5309,13809
Makkah,19,10,1,0.5293,21225
Makkah,20,10,1,0.5297,29820
Makkah,21,10,1,0.5135,7475
Makkah,22,10,1,0.553,18278
Makkah,23,10,1,0.5438,18461
Makkah,24,10,1,0.551,4518
Madinah,1,10,0,0.4583,9476
Madinah,2,10,0,0.4479,7979
Madinah,3,10,0,0.4739,28005
Madinah,4,10,0,0.4714,22753
Madinah,5,10,0,0.4758,25820
Madinah,6,10,0,0.4829,16031
Madinah,7,10,0,0.4631,8896
Madinah,8,10,0,0.4809,7559
Madinah,9,10,0,0.4761,11177
Madinah,10,10,1,0.5065,7527
Madinah,11,10,1,0.5321,28139
Madinah,12,10,1,0.5383,16922
Madinah,13,10,1,0.5629,29950
Madinah,14,10,1,0.5421,8080
Madinah,15,10,1,0.5579,12322
Madinah,16,10,1,0.5677,28259
Madinah,17,10,1,0.5741,23591
Madinah,18,10,1,0.5767,9458
Madinah,19,10,1,0.5674,24999
Madinah,20,10,1,0.5851,13101
Madinah,21,10,1,0.5722,27109
Madinah,22,10,1,0.5684,15311
Madinah,23,10,1,0.5901,7247
Madinah,24,10,1,0.5853,22906
Qassim,1,10,0,0.3875,19055
Qassim,2,10,0,0.4359,21795
Qassim,3,10,0,0.4087,12229
Qassim,4,10,0,0.4087,17180
Qassim,5,10,0,0.4311,20438
Qassim,6,10,0,0.4236,16209
Qassim,7,10,0,0.4169,24705
Qassim,8,10,0,0.3973,8901
Qassim,9,10,0,0.4145,19943
Qassim,10,10,1,0.4436,4887
Qassim,11,10,1,0.4588,8594
Qassim,12,10,1,0.467,24225
Qassim,13,10,1,0.4516,27442
Qassim,14,10,1,0.4919,23047
Qassim,15,10,1,0.4933,9193
Qassim,16,10,1,0.4953,18077
Qassim,17,10,1,0.5078,6740
Qassim,18,10,1,0.4908,8473
Qassim,19,10,1,0.508,22582
Qassim,20,10,1,0.4842,19316
Qassim,21,10,1,0.5006,27965
Qassim,22,10,1,0.4951,25125
Qassim,23,10,1,0.5209,11963
Qassim,24,10,1,0.5169,11017
Eastern,1,14,0,0.4757,19038
Eastern,2,14,0,0.4869,14530
Eastern,3,14,0,0.4742,26199
Eastern,4,14,0,0.4881,21008
Eastern,5,14,0,0.4829,14278
Eastern,6,14,0,0.4772,23688
Eastern,7,14,0,0.4939,16508
Eastern,8,14,0,0.4841,9664
Eastern,9,14,0,0.465,6286
Eastern,10,14,0,0.5039,22279
Eastern,11,14,0,0.4826,14377
Eastern,12,14,0,0.5188,26955
Eastern,13,14,0,0.519,24022
Eastern,14,14,1,0.5453,10414
Eastern,15,14,1,0.5594,14194
Eastern,16,14,1,0.57,28771
Eastern,17,14,1,0.5598,5032
Eastern,18,14,1,0.5677,14977
Eastern,19,14,1,0.5655,5288
Eastern,20,14,1,0.5675,19243
Eastern,21,14,1,0.5369,26554
Eastern,22,14,1,0.5645,12737
Eastern,23,14,1,0.5803,26833
Eastern,24,14,1,0.5474,22989
Asir,1,14,0,0.4258,15373
Asir,2,14,0,0.4377,27389
Asir,3,14,0,0.4491,21953
Asir,4,14,0,0.4384,23964
Asir,5,14,0,0.4209,19142
Asir,6,14,0,0.444,13304
Asir,7,14,0,0.4679,9814
Asir,8,14,0,0.436,26752
Asir,9,14,0,0.443,4751
Asir,10,14,0,0.421,10330
Asir,11,14,0,0.4558,24464
Asir,12,14,0,0.4592,22253
Asir,13,14,0,0.4481,5038
Asir,14,14,1,0.5,5027
Asir,15,14,1,0.5122,17601
Asir,16,14,1,0.53,12780
Asir,17,14,1,0.5303,18534
Asir,18,14,1,0.5224,7268
Asir,19,14,1,0.525,27104
Asir,20,14,1,0.5279,25435
Asir,21,14,1,0.5409,11604
Asir,22,14,1,0.5164,16194
Asir,23,14,1,0.4961,13637
Asir,24,14,1,0.541,14107
Tabuk,1,14,0,0.5479,12004
Tabuk,2,14,0,0.558,28172
Tabuk,3,14,0,0.541,5544
Tabuk,4,14,0,0.5439,11167
Tabuk,5,14,0,0.5501,12593
Tabuk,6,14,0,0.5272,19806
Tabuk,7,14,0,0.5639,22979
Tabuk,8,14,0,0.5412,20345
Tabuk,9,14,0,0.5497,27609
Tabuk,10,14,0,0.5461,26299
Tabuk,11,14,0,0.5738,21591
Tabuk,12,14,0,0.5611,27560
Tabuk,13,14,0,0.584,13481
Tabuk,14,14,1,0.6157,27111
Tabuk,15,14,1,0.6203,11596
Tabuk,16,14,1,0.6125,8766
Tabuk,17,14,1,0.6248,24419
Tabuk,18,14,1,0.6206,8380
Tabuk,19,14,1,0.6374,17738
Tabuk,20,14,1,0.6571,6010
Tabuk,21,14,1,0.6187,20839
Tabuk,22,14,1,0.6331,15510
Tabuk,23,14,1,0.6359,8496
Tabuk,24,14,1,0.6209,20164
Hail,1,14,0,0.4725,18389
Hail,2,14,0,0.4825,29739
Hail,3,14,0,0.4865,20129
Hail,4,14,0,0.5115,16445
Hail,5,14,0,0.5242,11729
Hail,6,14,0,0.5401,7066
Hail,7,14,0,0.5123,29187
Hail,8,14,0,0.5199,5020
Hail,9,14,0,0.5009,5628
Hail,10,14,0,0.5145,17153
Hail,11,14,0,0.4915,29380
Hail,12,14,0,0.508,4115
Hail,13,14,0,0.54,23549
Hail,14,14,1,0.5948,29048
Hail,15,14,1,0.5714,25706
Hail,16,14,1,0.6033,20404
Hail,17,14,1,0.5843,7093
Hail,18,14,1,0.5862,29443
Hail,19,14,1,0.5807,26059
Hail,20,14,1,0.5876,27460
Hail,21,14,1,0.5966,7389
Hail,22,14,1,0.6015,8048
Hail,23,14,1,0.6053,11031
Hail,24,14,1,0.6094,23730
Northern Borders,1,18,0,0.4395,27565
Northern Borders,2,18,0,0.457,8531
Northern Borders,3,18,0,0.445,19514
Northern Borders,4,18,0,0.4403,5908
Northern Borders,5,18,0,0.4412,28023
Northern Borders,6,18,0,0.4652,9025
Northern Borders,7,18,0,0.4503,15529
Northern Borders,8,18,0,0.4635,23302
Northern Borders,9,18,0,0.4515,25680
Northern Borders,10,18,0,0.4505,24810
Northern Borders,11,18,0,0.4696,11347
Northern Borders,12,18,0,0.4696,28557
Northern Borders,13,18,0,0.4653,17125
Northern Borders,14,18,0,0.5027,16684
Northern Borders,15,18,0,0.5065,18882
Northern Borders,16,18,0,0.5213,28437
Northern Borders,17,18,0,0.507,8017
Northern Borders,18,18,1,0.5319,25927
Northern Borders,19,18,1,0.5216,14644
Northern Borders,20,18,1,0.5383,11567
Northern Borders,21,18,1,0.5204,15709
Northern Borders,22,18,1,0.5229,22205
Northern Borders,23,18,1,0.5285,14688
Northern Borders,24,18,1,0.5493,20103
Jazan,1,18,0,0.5099,13259
Jazan,2,18,0,0.5169,7060
Jazan,3,18,0,0.5411,21696
Jazan,4,18,0,0.5155,21681
Jazan,5,18,0,0.5203,16893
Jazan,6,18,0,0.5228,8094
Jazan,7,18,0,0.5452,7059
Jazan,8,18,0,0.5161,7845
Jazan,9,18,0,0.5081,10832
Jazan,10,18,0,0.5529,20811
Jazan,11,18,0,0.5349,27385
Jazan,12,18,0,0.5555,28654
Jazan,13,18,0,0.5304,4732
Jazan,14,18,0,0.5635,4043
Jazan,15,18,0,0.5619,16429
Jazan,16,18,0,0.5812,12539
Jazan,17,18,0,0.5629,29292
Jazan,18,18,1,0.5949,7212
Jazan,19,18,1,0.6204,7297
Jazan,20,18,1,0.5776,4792
Jazan,21,18,1,0.6094,14787
Jazan,22,18,1,0.6308,15618
Jazan,23,18,1,0.6099,9861
Jazan,24,18,1,0.6161,26180
Najran,1,18,0,0.4775,27488
Najran,2,18,0,0.4973,14122
Najran,3,18,0,0.4849,22259
Najran,4,18,0,0.4994,20323
Najran,5,18,0,0.5053,29052
Najran,6,18,0,0.4817,10110
Najran,7,18,0,0.4654,25660
Najran,8,18,0,0.4822,15599
Najran,9,18,0,0.5051,29775
Najran,10,18,0,0.506,6994
Najran,11,18,0,0.5219,21512
Najran,12,18,0,0.5007,20596
Najran,13,18,0,0.5264,20951
Najran,14,18,0,0.5265,22252
Najran,15,18,0,0.5138,24146
Najran,16,18,0,0.5471,21224
Najran,17,18,0,0.5491,9170
Najran,18,18,1,0.5781,22708
Najran,19,18,1,0.5855,27527
Najran,20,18,1,0.5602,15762
Najran,21,18,1,0.5813,13856
Najran,22,18,1,0.564,27999
Najran,23,18,1,0.5841,9284
Najran,24,18,1,0.5993,12376
Al Bahah,1,-1,0,0.4975,29070
Al Bahah,2,-1,0,0.5124,15452
Al Bahah,3,-1,0,0.4933,8855
Al Bahah,4,-1,0,0.5191,9177
Al Bahah,5,-1,0,0.5023,15047
Al Bahah,6,-1,0,0.491,28083
Al Bahah,7,-1,0,0.4963,27621
Al Bahah,8,-1,0,0.5038,6690
Al Bahah,9,-1,0,0.4912,26592
Al Bahah,10,-1,0,0.5195,19548
Al Bahah,11,-1,0,0.4987,5811
Al Bahah,12,-1,0,0.5185,25351
Al Bahah,13,-1,0,0.5282,24113
Al Bahah,14,-1,0,0.5688,8259
Al Bahah,15,-1,0,0.5718,23286
Al Bahah,16,-1,0,0.557,8827
Al Bahah,17,-1,0,0.5534,28893
Al Bahah,18,-1,0,0.5458,26615
Al Bahah,19,-1,0,0.5504,22886
Al Bahah,20,-1,0,0.5603,10559
Al Bahah,21,-1,0,0.5461,10548
Al Bahah,22,-1,0,0.5721,4251
Al Bahah,23,-1,0,0.5674,21772
Al Bahah,24,-1,0,0.5846,15742
Al Jawf,1,-1,0,0.4153,13360
Al Jawf,2,-1,0,0.386,22359
Al Jawf,3,-1,0,0.4127,26792
Al Jawf,4,-1,0,0.4208,8234
Al Jawf,5,-1,0,0.4068,25229
Al Jawf,6,-1,0,0.4227,16443
Al Jawf,7,-1,0,0.4304,27389
Al Jawf,8,-1,0,0.3948,8400
Al Jawf,9,-1,0,0.4232,11366
Al Jawf,10,-1,0,0.418,19593
Al Jawf,11,-1,0,0.4257,9658
Al Jawf,12,-1,0,0.4406,20206
Al Jawf,13,-1,0,0.4491,14976
Al Jawf,14,-1,0,0.467,4435
Al Jawf,15,-1,0,0.4865,28414
Al Jawf,16,-1,0,0.4868,4987
Al Jawf,17,-1,0,0.4856,22236
Al Jawf,18,-1,0,0.4741,19416
Al Jawf,19,-1,0,0.464,12635
Al Jawf,20,-1,0,0.4495,17419
Al Jawf,21,-1,0,0.4775,22621
Al Jawf,22,-1,0,0.4855,29449
Al Jawf,23,-1,0,0.4735,19564
Al Jawf,24,-1,0,0.4953,10811
